{"cameraMode":{"drawMode":0,"name":"Shaded","section":"Shading Mode"},"sceneLighting":false,"audioPlay":false,"sceneViewState":{"showFog":true,"showMaterialUpdate":false,"showSkybox":false,"showFlares":true,"showImageEffects":true,"showParticleSystems":true},"in2DMode":false,"pivot":{"x":-0.009540289640426636,"y":0.944790244102478,"z":0.5661688446998596},"rotation":{"x":-0.10175081342458725,"y":0.03759106248617172,"z":-0.003847935702651739,"w":-0.9940946102142334},"size":1.3713793754577637,"orthographic":false}