{"cameraMode":{"drawMode":0,"name":"Shaded","section":"Shading Mode"},"sceneLighting":false,"audioPlay":false,"sceneViewState":{"showFog":true,"showMaterialUpdate":false,"showSkybox":false,"showFlares":true,"showImageEffects":true,"showParticleSystems":true},"in2DMode":false,"pivot":{"x":0.17029817402362824,"y":-1.127393126487732,"z":-7.077396392822266},"rotation":{"x":-0.0015485293697565795,"y":-0.9868618249893189,"z":0.1612848937511444,"w":-0.009475946426391602},"size":4.036818504333496,"orthographic":false}