{"cameraMode":{"drawMode":0,"name":"Shaded","section":"Shading Mode"},"sceneLighting":false,"audioPlay":false,"sceneViewState":{"showFog":true,"showMaterialUpdate":true,"showSkybox":false,"showFlares":true,"showImageEffects":true,"showParticleSystems":true},"in2DMode":false,"pivot":{"x":-0.5613064765930176,"y":0.8145835995674133,"z":-15.21606159210205},"rotation":{"x":0.19580349326133729,"y":-0.7387158870697022,"z":0.24193766713142396,"w":0.5978587865829468},"size":1.632468581199646,"orthographic":false}