{"cameraMode":{"drawMode":0,"name":"Shaded","section":"Shading Mode"},"sceneLighting":true,"audioPlay":false,"sceneViewState":{"showFog":true,"showMaterialUpdate":false,"showSkybox":false,"showFlares":true,"showImageEffects":true,"showParticleSystems":true},"in2DMode":false,"pivot":{"x":0.11546409130096436,"y":-3.4386725425720217,"z":1.6510765552520753},"rotation":{"x":0.0490691214799881,"y":0.9507127404212952,"z":-0.22721879184246064,"w":0.20532113313674928},"size":14.48199462890625,"orthographic":false}