{"cameraMode":{"drawMode":0,"name":"Shaded","section":"Shading Mode"},"sceneLighting":false,"audioPlay":false,"sceneViewState":{"showFog":true,"showMaterialUpdate":false,"showSkybox":false,"showFlares":true,"showImageEffects":true,"showParticleSystems":true},"in2DMode":false,"pivot":{"x":0.35027632117271426,"y":1.0161129236221314,"z":0.15524879097938538},"rotation":{"x":-0.00468310434371233,"y":0.6251171827316284,"z":0.0037507496308535339,"w":0.7805078625679016},"size":2.887647867202759,"orthographic":false}