{"cameraMode":{"drawMode":0,"name":"Shaded","section":"Shading Mode"},"sceneLighting":false,"audioPlay":false,"sceneViewState":{"showFog":true,"showMaterialUpdate":false,"showSkybox":false,"showFlares":true,"showImageEffects":true,"showParticleSystems":true},"in2DMode":false,"pivot":{"x":0.013923674821853638,"y":0.0793180912733078,"z":0.07680213451385498},"rotation":{"x":0.09482470154762268,"y":-0.8320125341415405,"z":0.15011197328567506,"w":0.5255769491195679},"size":0.20016223192214967,"orthographic":false}