{"cameraMode":{"drawMode":0,"name":"Shaded","section":"Shading Mode"},"sceneLighting":true,"audioPlay":false,"sceneViewState":{"showFog":true,"showMaterialUpdate":false,"showSkybox":true,"showFlares":true,"showImageEffects":true,"showParticleSystems":true},"in2DMode":false,"pivot":{"x":253.90469360351563,"y":-81.15035247802735,"z":52.156951904296878},"rotation":{"x":-0.018112367019057275,"y":0.9622924327850342,"z":-0.26321664452552798,"w":-0.06621737778186798},"size":150.16873168945313,"orthographic":false}