{"cameraMode":{"drawMode":0,"name":"Shaded","section":"Shading Mode"},"sceneLighting":false,"audioPlay":false,"sceneViewState":{"showFog":true,"showMaterialUpdate":false,"showSkybox":false,"showFlares":true,"showImageEffects":true,"showParticleSystems":true},"in2DMode":false,"pivot":{"x":0.09719458967447281,"y":0.6644501090049744,"z":0.8978862166404724},"rotation":{"x":-0.29971012473106387,"y":-0.04948938637971878,"z":0.01556468941271305,"w":-0.9526262283325195},"size":2.0445523262023927,"orthographic":false}